에피소드	scene_text	type
1권_1화_이중던전	네, 김상식 아저씨. 신경 써 주셔서 감사합니다.	대사
1권_1화_이중던전	내 이름은 성진우. E급 헌터	내적설명
1권_1화_이중던전	뭘요 하하... 오늘도 잘 부탁드릴게요.	대사
1권_1화_이중던전	헌터협회 소속 중 가장 낮은 계급, 최약의 헌터.	내적설명
1권_1화_이중던전	어? 안녕하세요. 주희 씨도 이번 레이드 가시는군요.	대사
1권_1화_이중던전	나에게 이런 일이 일어날 줄은...상상도 못 했다.	내적설명
1권_1화_이중던전	어쩌다보니 그렇게 됐네요 하하...	대사
1권_1화_이중던전	대한민국 서울	내적설명
1권_1화_이중던전	E급 던전이었는데 저만 다쳐서 나왔어요.	대사
1권_1화_이중던전	E급 헌터 성진우.	내적설명
1권_1화_이중던전	다른 분들은 계급이 높으셔서 힐러를 아예 안 데려갔거든요.	대사
1권_1화_이중던전	일반인보다 조금 튼튼하고, 회복이 약간 빠른 걸 빼면 헌터라고 불리기도 민망한 정도다.	내적설명
1권_1화_이중던전	괜찮아요 제가 약해서 그런 건데요.., 뭐...	대사
1권_1화_이중던전	그러다 보니 항상 부상을 달고 다닐뿐더러, 죽다 살아난 적도 많다.	내적설명
1권_1화_이중던전	익숙해요... 주희 씨도 아시잖아요.	대사
1권_1화_이중던전	목숨을 거는 위험한 직업 '헌터'. 나라고 좋아서 이 일을 하는 건 아니다.	내적설명
1권_1화_이중던전	자, 슬슬 게이트로 들어가는 분위기네요. 저희도 가죠.	대사
1권_1화_이중던전	편찮으신 어머니의 병원비를 헌터협회에서 보조금으로 지급해 주어 겨우 버티고 있다.	내적설명
1권_1화_이중던전	잘 부탁드려요, 송치열 아저씨.	대사
1권_1화_이중던전	고졸 출신에 딱히 잘하는 것도 없는 내게, 헌터라는 직업은 피할 수 없는 선택이었다.	내적설명
1권_1화_이중던전	오늘은 잘해 보는 거야!!	대사
1권_1화_이중던전	죄송합니다...	대사
1권_1화_이중던전	헌터 일은 취미로 하는 겁니다. 이거라도 안 하면 아마 심심해서 죽을걸요?	대사
1권_1화_이중던전	내 개인적인 사정을 말해 봐야 창피하기만 하지....	내적설명
1권_1화_이중던전	이런 식으로 벌어서는...	대사
1권_1화_이중던전	C급 마수에게서 나오는 마정석만 해도 천만 원이 넘는다.	내적설명
1권_1화_이중던전	하지만 E급 헌터에 불과한 내게 C급 마수는 까마득한 상대였다.	내적설명
1권_1화_이중던전	이렇게 다치면서까지 얻은 게 E급 마정석 하나라니...	내적설명
1권_1화_이중던전	목숨 걸고 잡은 것치고는 너무 보잘 것 없다.	내적설명
1권_1화_이중던전	<이중 던전을 발견한 상황>	내적설명
1권_1화_이중던전	내 판단에 모든 것이 달렸다.	내적설명
1권_1화_이중던전	모아 둔 돈이 없어... 곧 여동생 대학도 보내야 하는데....	내적설명
1권_1화_이중던전	저도 갑니다!	대사
1권_1화_이중던전	그리고 병원에 누워 계신 어머니... 가족을 위해서-	내적설명
1권_1화_이중던전	한 번만 힘내자!	내적설명
1권_1화_이중던전	저기... 미안해요...	대사
1권_1화_이중던전	제가 찬성하는 바람에 억지로 오게 돼서요...	대사
1권_1화_이중던전	진짜 괜찮아요?	대사
1권_1화_이중던전	하긴... 주희 씨가 B급 힐러여서 내가 그나마 멀쩡한 거지...	내적설명
1권_1화_이중던전	매번 신세만 지네.	내적설명
1권_1화_이중던전	아까 죽은 사람은 랭크가 어떻게 됐지? D급?	내적설명
1권_1화_이중던전	못해도 E급인 나보다 강할 거잖아. 그런데 단 한 방에?	내적설명
1권_1화_이중던전	잠깐만, 기다려봐.	내적설명
1권_1화_이중던전	여기는 기껏해야 D급 던전이라고.	내적설명
1권_1화_이중던전	저렇게 엄청난 괴물들이 득실대는 곳이라고는 듣지 못했어!	내적설명
1권_1화_이중던전	사선에 선 적이 이번뿐만은 아니었다.	내적설명
1권_1화_이중던전	첫 레이드 때 파티와 떨어져 길을 잃어버리기도 했고	내적설명
1권_1화_이중던전	잔챙이 E급 마수에게 등을 맞아 몇 주간 병실에 누워 있기도 하고	내적설명
1권_1화_이중던전	미궁에 갇힌 상태로 식량이 떨어진 적도 있었다.	내적설명
1권_1화_이중던전	비록 저급 던전이라 할지라도, 나에게는 목숨을 걸어야하는 일들이었다.	내적설명
1권_1화_이중던전	남들은 마정석을 얻으면 그 돈으로 무기를 바꾼다.	내적설명
1권_1화_이중던전	더 강한 몬스터를 쓰러뜨리고 더 많은 보수를 얻기 위해.	내적설명
1권_1화_이중던전	난 그럴 수 없다.	내적설명
1권_1화_이중던전	언제나 맨몸. 어차피 어정쩡한 무기를 구매해봤자 금방 파괴될 테고, 상해 버린 몸뚱이 따위, 힐러만 있다면 어지간한 중상이 아닌 한 나을 수 있다.	내적설명
1권_1화_이중던전	그렇게 하루, 이틀. 엉망진창이 되어 가는 날 비웃는 소리를 참으며 비효율적으로 생명을 깎아 가는 일을 해 왔다.	내적설명
1권_1화_이중던전	그래서일까, 아주 잘 알 수 있었다.	내적설명
1권_1화_이중던전	다들 숙여요!	대사
1권_1화_이중던전	저... 전, 그냥 위험한 것 같아서...	대사
1권_1화_이중던전	어?! 아저씨, 팔이?!	대사
1권_1화_이중던전	글쎄요... D급 이상 레이드엔 가 본 적이 없어서...	대사
1권_1화_이중던전	송치열 아저씨... 그 신이라는 거... 아마도...저 녀석을 뜻하는 거겠죠?	대사
1권_1화_이중던전	게이트, 다른 차원과 이쪽 세계를 잇는 통로.	내적설명
1권_1화_이중던전	10여 년 전, 게이트란 것이 나타난 이후로 세상에는 상식 밖의 일들이 계속해서 일어났다.	내적설명
1권_1화_이중던전	헌터'라 불리는 각성자들이 좋은 예다.	내적설명
1권_1화_이중던전	각성자들의 힘은 각성과 동시에 부여되며, 그 힘은 변동되지 않는다.	내적설명
1권_1화_이중던전	나 역시 각성했지만, 힘은 미미하여 'E급'.	내적설명
1권_1화_이중던전	일반인들보다는 다소 강하지만 다른 랭크 실력자와의 격차는 확실했다.	내적설명
1권_1화_이중던전	그렇게 힘을 각성한 자들은 게이트 너머 던전에 들어가 마수들을 처리하는데, 이를 직업으로 하는 자들을 '헌터'라고 불렀다.	내적설명
1권_1화_이중던전	그리고 게이트 너머에서는 간혹, 공포스럽고 절망에 가까운 정말 터무니없는 괴물이 모습을 드러내곤 한다.	내적설명
1권_1화_이중던전	괜찮으시겠어요? 피가 안 멈추는 거 같은데.	대사
1권_1화_이중던전	송치열 아저씨의 말대로, 움직이는 순간 공격당하게 될 거야.	내적설명
1권_1화_이중던전	그걸 피해 어떻게 운 좋게 문까지 도망친다고 해도 문지기 석상이 있다.	내적설명
1권_1화_이중던전	처음부터 나가게 할 생각이 없는 거겠지!	내적설명
1권_1화_이중던전	제기랄! 이 녀석들이 마음만 먹으면 언제라도 전멸시킬 수 있다는 건가.	대사
1권_1화_이중던전	지금 당장에라도 우리를 전멸시킬 수 있을 텐데... 왜 그러지 않는 걸까요?	대사
1권_1화_이중던전	죽일 수 있음에도 죽이지 않는다.	내적설명
1권_1화_이중던전	헌터들만 보면 다짜고짜 덤벼드는 마수들과 달라.	내적설명
1권_1화_이중던전	문에 다가가면 공격하는 문지기.	내적설명
1권_1화_이중던전	움직이면 광선을 뿜는 거대한 신상.	내적설명
1권_1화_이중던전	규칙에 따라 공격해 온다!	내적설명
1권_1화_이중던전	규칙? 설마... 이 방에 룰이 있는 건가?!	내적설명
1권_1화_이중던전	카르테논 신전의 규율! 그래! 저거다!!	내적설명
1권_1화_이중던전	송치열 아저씨! 첫 번째 규율이 뭐였죠?	대사
1권_1화_이중던전	신이라...	내적설명
1권_1화_이중던전	아저씨... 이 던전엔 룰이 있어요.	대사
1권_1화_이중던전	제 생각이 맞다면...	대사
1권_1화_이중던전	... 놈은 움직이는 대상을 공격하는 게 아니에요.	대사
1권_3화_퀘스트	꿈? 꿈이었나? 병원?	내적설명
1권_3화_퀘스트	누구시죠?	대사
1권_3화_퀘스트	한국헌터협회 감시과... 감시과에서 왜 저를...	대사
1권_3화_퀘스트	제가 사흘이나 잠들어 있었다고요?	대사
1권_3화_퀘스트	주희 씨나 송치열 아저씨는 어떻게 되셨죠?	대사
1권_3화_퀘스트	모두 무사한가요?	대사
1권_3화_퀘스트	아뇨... 괜찮습니다. 충분해요.	대사
1권_3화_퀘스트	그럴 리가...!	대사
1권_3화_퀘스트	각성 후 각성?!	내적설명
1권_3화_퀘스트	헌터들의 능력치는 능력을 각성할 때 전부 결정된다.	내적설명
1권_3화_퀘스트	하지만 드물게 재각성 헌터가 나타나는 경우가 있다.	내적설명
1권_3화_퀘스트	자신의 한계를 뛰어넘어 C급이 A급으로, B급이 S급으로 올라가는 경우도 더러 있었다.	내적설명
1권_3화_퀘스트	결과는 어떻죠?	대사
1권_3화_퀘스트	뭐야... 조금은 기대했는데.	내적설명
1권_3화_퀘스트	근데 저 사람들은 이게 신경 쓰이지 않나?	내적설명
1권_3화_퀘스트	안 보이는 건가?	내적설명
1권_3화_퀘스트	잘렸던 다리도 그대로 있고, 죽기 전에 찔렸던 가슴에도 상처 하나 없다.	내적설명
1권_3화_퀘스트	어느 쪽이 꿈이었고... 어느 쪽이 현실인지...	내적설명
1권_3화_퀘스트	아까 말할 걸 그랬나? 이런 게 보인다고...	내적설명
1권_3화_퀘스트	터치식이 아닌가?	내적설명
1권_3화_퀘스트	아직도 꿈속에 있는 것 같지만...	내적설명
1권_3화_퀘스트	진아야 혹시 이게 보여? (메시지창)	대사
1권_3화_퀘스트	[플레이어]가 되신 것을 환영합니다. (미확인)	시스템
1권_3화_퀘스트	게임에서 읽지 않은 메시지가 있을 때, 그 메시지를 보려면 어떻게 해야 할까?	대사
1권_3화_퀘스트	[일일 퀘스트: 강자가 되기 위한 준비]가 도착하였습니다. (미확인)]	시스템
1권_3화_퀘스트	메시지함을 '연다'고?	대사
1권_3화_퀘스트	이만 가 볼게.	대사
1권_3화_퀘스트	무슨 소리인지 하나도 모르겠네.	대사
1권_3화_퀘스트	알림. [본시스템은 '플레이어'의 성장을 지원합니다.]	시스템
1권_3화_퀘스트	[본 시스템의 지시에 불응할 경우 패널티가 있을 수 있습니다.]	시스템
1권_3화_퀘스트	[보상 지급이 완료되었습니다.]	시스템
1권_3화_퀘스트	그러고 보니... 제단에 혼자 남겨졌을 때도 비슷한 걸 본 것 같은 기억이...	대사
1권_3화_퀘스트	? 강자가 되기 위한 준비?	대사
1권_3화_퀘스트	퀘스트 안내 일일 퀘스트- 강자가 되기 위한 준비	시스템
1권_3화_퀘스트	확인.	대사
1권_3화_퀘스트	목표: 팔굽혀펴기 [0/100]	시스템
1권_3화_퀘스트	윗몸 일으키기 [0/100]	시스템
1권_3화_퀘스트	스쿼트 [0/100]	시스템
1권_3화_퀘스트	달리기 [0/10km]	시스템
1권_3화_퀘스트	주의 - 일일퀘스트 미완료시 그에 상응하는 패널티가 주어집니다.	시스템
1권_3화_퀘스트	하하... 이것 참. 장난하는 것도 아니고...	대사
1권_3화_퀘스트	입원 중에 이런 것까지 할 힘은 없다고.	대사
1권_3화_퀘스트	이게 뭔지는 일단... 자고 난 다음에 생각하자...	대사
1권_3화_퀘스트	알림 [일일 퀘스트를 완료하지 못했습니다. 정해진 시간 동안 '패널티 존'으로 이동합니다]	시스템
1권_3화_퀘스트	지, 지진?!	대사
1권_3화_퀘스트	여... 여긴?!  사막...!!	대사
1권_3화_퀘스트	말도 안 돼... 진짜로 다 꿈이었던 거야?	대사
1권_3화_퀘스트	퀘스트 안내 [패널티 퀘스트: 생존] 목표: 요구 시간까지 생존하세요. 요구시간:4시간 남은시간: 3시간 59분 57초	시스템
1권_3화_퀘스트	농담이지...?	대사
1권_3화_퀘스트	알림 [패널티 퀘스트: 생존] 목표: 요구 시간까지 생존하세요. 요구 시간: 4시간 남은 시간: 0시간 0분 7초.	시스템
1권_3화_퀘스트	알림 ['패널티 퀘스트'를 완료하셨습니다.]	시스템
1권_3화_퀘스트	패널티 퀘스트'라고?	대사
1권_3화_퀘스트	메시지 [패널티 퀘스트 완료 보상이 도착하였습니다.] [보상을 확인하시겠습니까?]	시스템
1권_3화_퀘스트	깨어난 지 나흘째.	내적설명
1권_3화_퀘스트	몇 가지 알게 된 사실이 있다.	내적설명
1권_3화_퀘스트	가장 먼저, 내 눈앞에 보이는 이게 허상이 아니란 것.	내적설명
1권_3화_퀘스트	아무한테도 안 보이지만 내게는 또렷이 보인다.	내적설명
1권_3화_퀘스트	운동으로 지친 피로를 풀어 줄 '상태 회복' 마법.	내적설명
1권_3화_퀘스트	방금 전까지 몸을 짓누르던 피로가 거짓말처럼 사라진다.	내적설명
1권_3화_퀘스트	그 외에도 스테이터스를 올려 줄 '능력치 포인트'.	내적설명
1권_3화_퀘스트	원하는 능력치에 포인트를 분배할 수 있고, 능력치를 올리면 그만큼 강해진다.	내적설명
1권_3화_퀘스트	스테이터스, 스킬, 아이템, 인벤토리, 아이템 창고 등. 마치 게임과도 같다.	내적설명
1권_3화_퀘스트	지금 나는 기이한 현상에 지배받고 있다.	내적설명
1권_3화_퀘스트	하하... 진짜 뭐가 어떻게 된 건지...	대사
1권_3화_퀘스트	[아이템: 던전의 열쇠] 입수 난이도: E급 종류: 열쇠 인스턴스 던전으로 이동할 수 있는 열쇠입니다. 지하철 합정역 3번 출구에서 사용하실 수 있습니다.	시스템
1권_3화_퀘스트	혹시 오늘 외출 좀 해도 될까요?	대사
1권_3화_퀘스트	밖에 볼일이 좀 있어서요.	대사
1권_3화_퀘스트	이제 이걸 알아볼 차례야.	대사
1권_3화_퀘스트	일일 퀘스트를 완료할 때마다 나오는 '랜덤 박스'.	대사
1권_3화_퀘스트	반창고나 볼펜처럼 쓸모없는 것도 나오지만... 이건 좀 다르겠지.	대사
1권_3화_퀘스트	인스턴스 던전'의 입장 열쇠라...	대사
1권_3화_퀘스트	퀘스트, 스테이터스, 보상... 혹시 이 게임과 같이 표기되는 모든 기이한 현상이 각성 후 각성.... 즉 재각성의 징조 아닐까?	대사
1권_3화_퀘스트	아니면 과정의 일부? 만약 그렇다면 도전해 볼 만한 가치가 있지!	대사
1권_3화_퀘스트	지상 최약병기가 재각성이라니...	대사
1권_3화_퀘스트	누가 들으면 비웃음감인걸?	대사
1권_3화_퀘스트	도망치는 건 자신 있으니까, 만약 지난번처럼 위험해지면 물불 가리지 말고 도망치자!	대사
1권_3화_퀘스트	알림 [인스턴스 던전에 입장하셨습니다.]	시스템
1권_3화_퀘스트	설마... 입구가 막힌 거야?	대사
1권_3화_퀘스트	완전히 다른 차원인가...	대사
1권_3화_퀘스트	일반적인 던전과는 달라. 본 적은 없지만 레드게이트와 비슷한 개념이겠지.	대사
1권_3화_퀘스트	어쩌지... 여차하면 도망치려고 했는데 퇴로를 차단하면 도망칠 수가 없잖아!	대사
1권_3화_퀘스트	알림 [던전을 나갈 수 없습니다. 보스를 처치하거나 귀환석을 사용하십시오.]	시스템
1권_3화_퀘스트	클리어할 때까지 나갈 수 없는 구조라니...	대사
1권_3화_퀘스트	E급 마수한테도 쩔쩔매던 게 엊그제인데, 혼자서 던전을 클리어하려고?	대사
1권_3화_퀘스트	젠장... 말도 안 되는 소리 하지 마...	대사
1권_3화_퀘스트	진짜로 파티도 없이... 나 혼자서 깨라고?!	대사
2권_2화_세가지규율	놈은 일정 높이 이상이 되면 공격하는 거야.	내적설명
2권_2화_세가지규율	알겠다고! 첫 번째 규율의 의미를!	내적설명
2권_2화_세가지규율	다들! 신상을 향해 절하세요!	대사
2권_2화_세가지규율	일정 높이 이상 서 있으면 공격에 들어가고, 숙이면 공격을 하지 않죠.	대사
2권_2화_세가지규율	신을 경배하라'는 말의 뜻을 그대로 행하는 거예요.	대사
2권_2화_세가지규율	그렇다면 그보다 낮춰서 절을 하게 되면...	대사
2권_2화_세가지규율	...네, 일단은.	대사
2권_2화_세가지규율	저한테 물으셔도... 저도 몰라요!	대사
2권_2화_세가지규율	이 던전에는 규칙이 있어요!	대사
2권_2화_세가지규율	첫 번째는 신께 경배하라!	대사
2권_2화_세가지규율	두 번째는 신께 찬양하라!	대사
2권_2화_세가지규율	그게 열쇠입니다.	대사
2권_2화_세가지규율	(누군가 찬송가를 부른다)	내적설명
2권_2화_세가지규율	아냐... 그건...! 다른 신을 찬양하는 거잖아!	내적설명
2권_2화_세가지규율	저런 녀석을 찬양할 수 있을 리 없잖아! 저건 악마라고!	내적설명
2권_2화_세가지규율	뒤에는 신상... 앞에는 움직이는 석상.	내적설명
2권_2화_세가지규율	가까이 가면 움직여 공격한다.	내적설명
2권_2화_세가지규율	도끼, 창, 검.	내적설명
2권_2화_세가지규율	망치, 철퇴, 활, 악기...	내적설명
2권_2화_세가지규율	가까이 갈 수도 없고 도망도 못 쳐!	내적설명
2권_2화_세가지규율	어쩌면 좋지?	내적설명
2권_2화_세가지규율	악기? 악기로도 공격할 수 있나?	내적설명
2권_2화_세가지규율	가까이 가면 공격하는 석상. 다가가면 정해진 모션에 따라 움직인다.	내적설명
2권_2화_세가지규율	악기를 든 석상이 움직인다면!	내적설명
2권_2화_세가지규율	다들 악기를 든 석상이 있는 쪽으로 가요!	대사
2권_2화_세가지규율	빨리 연주해라! 빨리!	대사
2권_2화_세가지규율	어째서...	대사
2권_2화_세가지규율	설마! 나와 주희 씨, 두 사람이 같은 석상 아래에 있어서 연주하지 않는 건가?	내적설명
2권_2화_세가지규율	거기 있어요! 거기 있음 안전할 거예요!	대사
2권_2화_세가지규율	조금만 더! 조금만...	내적설명
2권_2화_세가지규율	악기가 아니라... 방패였...	내적설명
2권_2화_세가지규율	진짜로 신이 있다면... 죽는 것과... 사는 것...	내적설명
2권_2화_세가지규율	아슬아슬하지만 가느다란 사선의 끈을 잡고 줄다리기했지만...	내적설명
2권_2화_세가지규율	그것도 이제... 끊어지는 걸까...	내적설명
2권_2화_세가지규율	예... 그럭저럭... 네? 아... 다리가...!!	대사
2권_2화_세가지규율	이제 그만... 이제 됐어요, 주희 씨....	대사
2권_2화_세가지규율	... 제단.	대사
2권_2화_세가지규율	마지막 세 번째 규율은 '신앙심을 증명하라.'	대사
2권_2화_세가지규율	그게 아마도 마지막 시련!	내적설명
2권_2화_세가지규율	김상식 아저씨... 그건...	대사
2권_2화_세가지규율	송치열 아저씨의 잘못이 아니야!	내적설명
2권_2화_세가지규율	모두의 투표로 이 방에 들어오기로 결정한 거잖아!	내적설명
2권_2화_세가지규율	이제 와서 모든 책임을 아저씨한테 몰아가는 건 비겁하다고!	내적설명
2권_2화_세가지규율	불꽃이 하나?	내적설명
2권_2화_세가지규율	무슨 의미지? 제물을 원하는 게 아니었나?	내적설명
2권_2화_세가지규율	누가... 제단을 살펴볼 수 있게 부축 좀 해 주실 수 있어요?	대사
2권_2화_세가지규율	제단 위쪽으로 올려 주세요.	대사
2권_2화_세가지규율	아마 괜찮을 거예요.	대사
2권_2화_세가지규율	그런 건가.	대사
2권_2화_세가지규율	여기서 기다리고 있으면 다른 헌터들이 구조하러 올까요?	대사
2권_2화_세가지규율	D급 게이트라고 너무 오래 방치해 뒀군요.	대사
2권_2화_세가지규율	게이트는 7일이 지나면 완전히 열린다.	내적설명
2권_2화_세가지규율	완전히 열리고 나면 마수들이 이쪽 세계로 넘어올 수 있기 때문에	내적설명
2권_2화_세가지규율	그 전에 던전의 보스를 잡아 게이트를 닫히게 만드느 것이 레이드의 진짜 목적.	내적설명
2권_2화_세가지규율	우리가 실패하면... 저게 밖으로 나갈 수도 있다는 말인가.	내적설명
2권_2화_세가지규율	두 사람도 올라와요.	대사
2권_2화_세가지규율	올라가면 불꽃이 사람 수대로 켜져요. 아무래도 전원이 올라와야만 무언가 시작되는 구조일 거예요.	대사
2권_2화_세가지규율	뭐지? 도대체 뭐야.	내적설명
2권_2화_세가지규율	푸른 불꽃은 시간이 지날 때마다 하나씩 꺼진다.	내적설명
2권_2화_세가지규율	사람 수에 맞춰진 붉은 불꽃은 사람이 빠지자마자 하나가 꺼져 버렸어.	내적설명
2권_2화_세가지규율	첫 번째 규율은 경배.	내적설명
2권_2화_세가지규율	두 번째는 찬양.	내적설명
2권_2화_세가지규율	적어도 해답은 스핑크스의 수수께끼처럼 넌센스는 아니었어.	내적설명
2권_2화_세가지규율	열린 문은 함정이야. 눈에 보이는 가짜 희망.	내적설명
2권_2화_세가지규율	붉은 불꽃이 모두 켜지면 동시에 문이 열린다.	내적설명
2권_2화_세가지규율	붉은 불꽃이 꺼질 때마다 문이 움직이고... 모두 꺼지면 문은 닫힐 거야!	내적설명
2권_2화_세가지규율	신앙심의 증명' 이란 공포와 위협. 달콤한 유혹.	내적설명
2권_2화_세가지규율	그 속에서도 믿음을 증명할 수 있냐는 의미겠지!	내적설명
2권_2화_세가지규율	안 돼요!	대사
2권_2화_세가지규율	움직이지 마세요!	대사
2권_2화_세가지규율	더 이상 빠져나가선 안 돼요!	대사
2권_2화_세가지규율	이 이상 사람들이 줄어들어 사각이 생기면 모두 죽어요!	대사
2권_2화_세가지규율	석상에서 눈을 떼지 마시고 이대로 버티기만 하면 돼요! 푸른 불꽃이 다 꺼질 때까지.	대사
2권_2화_세가지규율	푸른 불꽃은 타이머예요.	대사
2권_2화_세가지규율	다 꺼지면 모두 살아서 나갈 수 있을 거예요.	대사
2권_2화_세가지규율	....... 아저씨는 주희 씨를 데리고 나가 주세요.	대사
2권_2화_세가지규율	그럼 누가 주희 씨를 부축해요? 시간 없어요! 가세요!	대사
2권_2화_세가지규율	내가 저녁 사기로 약속했죠?	대사
2권_2화_세가지규율	이걸로 먼저 먹고 있어요. 여기서 나가면 잔돈부터 받으러 갈 거니까	대사
2권_2화_세가지규율	잘 부탁할게요.	대사
2권_2화_세가지규율	다행이다. 죽는 게 나 하나여서....	내적설명
2권_2화_세가지규율	이럴 줄 알았다면 보험을 좀 더 들어 놓는 건데...	내적설명
2권_2화_세가지규율	이렇게 된 이상 한 놈이라도 데려간다.	내적설명
2권_2화_세가지규율	와라.	대사
2권_2화_세가지규율	죽기 싫어. 죽기 싫어.	내적설명
2권_2화_세가지규율	괜찮을 리 없잖아.	내적설명
2권_2화_세가지규율	뭐가 고맙단 거야!	내적설명
2권_2화_세가지규율	토사구팽도 정도껏 하란 말이야!	내적설명
2권_2화_세가지규율	가족이라면 나도 있다고!	내적설명
2권_2화_세가지규율	죽는 게 나뿐이어서 다행이라고?	내적설명
2권_2화_세가지규율	웃기지 마 !	내적설명
2권_2화_세가지규율	이 위선자야!	내적설명
2권_2화_세가지규율	죽고 싶지 않아...	내적설명
2권_2화_세가지규율	한 번만, 한 번만 더 기회가 있다면!	내적설명
2권_2화_세가지규율	알림 [시크릿 퀘스트 '무력한 자의 용기' 의 완료 조건을 모두 충족하셨습니다.	시스템
2권_2화_세가지규율	뭐지? 시크릿 퀘스트?	내적설명
2권_2화_세가지규율	완료 조건을 충족?	내적설명
2권_2화_세가지규율	아니, 그보다 어디서 나오는 소리야?	내적설명
2권_2화_세가지규율	[플레이어가 되실 자격을 획득하셨습니다. 수락하시겠습니까?]	시스템
2권_2화_세가지규율	획득했다고? 수락하라고?	내적설명
2권_2화_세가지규율	무슨 소리야 지금 상황에....	내적설명
2권_2화_세가지규율	귀하에게 허락된 시간이 얼마 남지 않았습니다.	시스템
2권_2화_세가지규율	수락을 거부하실 경우, 0.02초 후 귀하의 심장이 정지합니다.	시스템
2권_2화_세가지규율	수락하시겠습니까?	시스템
2권_2화_세가지규율	아... 수락한다고?	내적설명
2권_2화_세가지규율	알림 [플레이어가 되신 것을 환영합니다.]	시스템
2권_2화_세가지규율	그럼 나... 죽지 않을 수도 있어?	내적설명
2권_2화_세가지규율	그래, 그 자격... 줘 봐.	내적설명
2권_3화_퀘스트 	어떻게 하지... 자신 없어지는데...	대사
2권_3화_퀘스트 	짙은 악취... 이건......	대사
2권_3화_퀘스트 	짐승형 마수인가.	대사
2권_3화_퀘스트 	늑대?! 강철 이빨 라이칸	내적설명
2권_3화_퀘스트 	고블린 한두 마리도 버거운데 이길 수 있을까...	내적설명
2권_3화_퀘스트 	다리가... 움직이지 않아...!	대사
2권_3화_퀘스트 	왜지? 왜... 설마 무서워서?	내적설명
2권_3화_퀘스트 	트라우마는 남지 않았다고 생각했는데...	내적설명
2권_3화_퀘스트 	젠장...!	대사
2권_3화_퀘스트 	힐러도 없어! 이번 만큼은 절대 다치면 안 돼!	내적설명
2권_3화_퀘스트 	어떻게 다시 얻은 목숨인데!	대사
2권_3화_퀘스트 	몸이... 몸이 가벼워!	내적설명
2권_3화_퀘스트 	두려움에 무릎 꿇을 거냐!	내적설명
2권_3화_퀘스트 	이렇게 허무하게 죽을 순 없어!	대사
2권_3화_퀘스트 	뭐지? 근력 스텟을 높여서 그런가?	내적설명
2권_3화_퀘스트 	하지만 나보다 강해!	내적설명
2권_3화_퀘스트 	역시 이대로는 안 돼... 마수들은 일반적인 공격에는 타격을 잘 받지 않아.	내적설명
2권_3화_퀘스트 	이런 피라미조차 나보다 강하다니...	내적설명
2권_3화_퀘스트 	빌어먹을! 어떻게 해야 하지? 혼자선 무리야...!	내적설명
2권_3화_퀘스트 	이길 수 없어!	내적설명
2권_3화_퀘스트 	파티도, 힐러도, 장비도... 갖춘 게 없다고!	내적설명
2권_3화_퀘스트 	내가 놈을 이기기 위해서 갖고 있는 게 뭐지?	내적설명
2권_3화_퀘스트 	가진 거라곤 몸뚱이 하나 뿐....	내적설명
2권_3화_퀘스트 	마력이 담긴 무기...무기라도 있었으면...!	내적설명
2권_3화_퀘스트 	인벤토리!	대사
2권_3화_퀘스트 	그래... 이게 왜 들어 있는지 모르겠지만!	내적설명
2권_3화_퀘스트 	이중 던전에서 김상식 아저씨가 놓고 간 이 검!	내적설명
2권_3화_퀘스트 	알림. [강철 이빨 라이칸]을 처치했습니다.]	시스템
2권_3화_퀘스트 	알림. 레벨이 올랐습니다.	시스템
2권_3화_퀘스트 	김상식 아저씨가 3백만원에 샀다고 했던가?	대사
2권_3화_퀘스트 	난 살 엄두도 못 내겠네...	대사
2권_3화_퀘스트 	당분간 이놈을 써야지.	대사
2권_3화_퀘스트 	인벤토리라, 편리한 걸?	대사
2권_3화_퀘스트 	이것저것 넣어서 보관할 수 있나?	대사
2권_3화_퀘스트 	무기가 있다면... 무섭지 않아.	대사
2권_3화_퀘스트 	이게 왜 안 뽑히지? 얼른! 뽑혀!	대사
2권_3화_퀘스트 	으아아아! 괜히 강철 이빨이 아니잖아!?	대사
2권_3화_퀘스트 	기껏 얻은 검을...	대사
2권_3화_퀘스트 	쉽게 부러트릴 수는 없지!	대사
2권_3화_퀘스트 	이제 보니 너희들... 그 녀석들에 비하면 너무 약하잖아.	대사
2권_3화_퀘스트 	레벨업을 하게 되면 모든 스탯이 1포인트 올라가는구나.	대사
2권_3화_퀘스트 	일일 퀘스트를 완료하면 3포인트. 레벨업을 하면 다섯 개의 스탯이 골고루 1씩 올라서 총 5포인트.	대사
2권_3화_퀘스트 	사냥을 통해 레벨업을 하는 게 훨씬 상승 폭이 큰 걸?	대사
2권_3화_퀘스트 	1포인트당 본래의 힘에서 얼마나 상승하는 거지?	대사
2권_3화_퀘스트 	지능이나 감각도 수치화할 수 있고.	대사
2권_3화_퀘스트 	가장 알기쉬운 건 근력인데... 고작 20이었지만 충분히 효과가 있었던 것 같아.	대사
2권_3화_퀘스트 	혹시... 능력치가 올라갈수록 가중치가 붙는 걸까?	대사
2권_3화_퀘스트 	어쨌든 레벨업을 할수록 강해진다는 건 알겠어.	대사
2권_3화_퀘스트 	진짜로 내가... 강해질 수 있는 거구나.	대사
2권_3화_퀘스트 	고작 마수 두 마리 혼자 쓰러뜨린 것 가지고 너무 호들갑인가...	대사
2권_3화_퀘스트 	이 녀석들은 마정석 같은 건 안 주나?	대사
2권_3화_퀘스트 	던전에 사는 마수라면 마정석을 갖고 있을 줄 알았는데...완전히 다른 부류인가.	대사
2권_3화_퀘스트 	내게 일어난 기이한 현상.	내적설명
2권_3화_퀘스트 	게임 같은 시스템에 지배받는 거라면 인스턴트 던전이나 마수들로 시스템이 만들어 낸 특별한 존재일 확률이 높아.	내적설명
2권_3화_퀘스트 	[아이템: 라이칸의 송곳니] 입수 난이도: 없음 종류 : 잡동사니 크고 날카로운 라이칸의 송곳니. 인벤토리에 보고나하거나 상점에 파실 수 있습니다.	시스템
2권_3화_퀘스트 	상점도 있네.	대사
2권_3화_퀘스트 	알림 구매를 이용할 수 있는 레벨이 아닙니다.	시스템
2권_3화_퀘스트 	[아이템: 라이칸의 송곳니]를 판매하시겠습니까?	시스템
2권_3화_퀘스트 	그래. 20골드? 현금이 아니니 얼마만큼의 값어치인지 모르겠지만.	대사
2권_3화_퀘스트 	하지만 이 던전... 대략 E급 던전 아닐까? 그렇다면 그다지 값어치가 높진 않겠다.	대사
2권_3화_퀘스트 	이제 어쩌지... 보스를 처치하지 않으면 밖으로 나갈 수 없어.	대사
2권_3화_퀘스트 	귀환석을 얻으면 나갈 수 있다지만, 그게 언제가 될지도 모르고.	대사
2권_3화_퀘스트 	장기전이 되면 식량부터 급해질 거야.	대사
2권_3화_퀘스트 	E급 수준이라고 해도 나 혼자서 보스까지 처리하는 건 무리야	대사
2권_3화_퀘스트 	아니... 어느 정도 레벨업을 한다면 가능하지 않을까?	대사
2권_3화_퀘스트 	그 전에... 죽을 수도 있지만...	대사
2권_3화_퀘스트 	두려워할 것 없어.	대사
2권_3화_퀘스트 	어차피 한 번 죽었던 목숨이잖아.	대사
2권_3화_퀘스트 	순순히 죽어 줄 순 없지...	대사
2권_3화_퀘스트 	그러니까 너희도 쉽게 죽지 말라고. 미안하잖아, 그러면...	대사
2권_3화_퀘스트 	치열하게, 치열하게 싸우자.	내적설명
2권_3화_퀘스트 	알림 레벨이 올랐습니다!	시스템
2권_3화_퀘스트 	목숨이 붙어 있는 한 최대한 치열하게.	내적설명
2권_3화_퀘스트 	확실히 깨달았어.	내적설명
2권_3화_퀘스트 	여기서 포기하면 개죽음이야!!	내적설명
2권_3화_퀘스트 	모든 걸 잃게 돼.	내적설명
2권_3화_퀘스트 	무력하게 땅만 쳐다볼 순 없잖아.	내적설명
2권_3화_퀘스트 	강해질 수만 있다면...	내적설명
2권_3화_퀘스트 	알림 레벨이 올랐습니다!	시스템
2권_3화_퀘스트 	알림 [칭호: 늑대 학살자]를 획득하셨습니다.	시스템
2권_3화_퀘스트 	칼날이 다 상해 버렸네.	대사
2권_3화_퀘스트 	무기란 결국 내구도가 닳기 마련이니까...	대사
2권_3화_퀘스트 	비싼 아이템을 사도 던전 몇 번 돌면 이 모양이니...	대사
2권_3화_퀘스트 	예전에 무리해서 50만 원이 넘는 단검을 구매한 적이 있다.	내적설명
2권_3화_퀘스트 	그날 사냥이 편하긴 했지만 보스전에서 너무 쉽게 무기가 파괴되었다.	내적설명
2권_3화_퀘스트 	그날 얻은 전리품은 E급 마정석 세 개.	내적설명
2권_3화_퀘스트 	수지 타산이 맞질 않아 그 이후로는 무기를 사지 않았다.	내적설명
2권_3화_퀘스트 	고맙다. 그래도 덕분에 어떻게든 된 거 같아.	대사
2권_3화_퀘스트 	[칭호: 늑대 학살자] 늑대를 잡는 데 탁월한 사냥꾼에게 주어지는 칭호입니다. 짐승형 몬스터를 상대할 때 모든 능력치가 40% 증가합니다.	시스템
2권_3화_퀘스트 	늑대 이빨이 서른네 개, 낡은 단검이 두 자루, 여행자의 옷, 귀환석.	대사
2권_3화_퀘스트 	생각보다 쉽게 나왔네.	대사
2권_3화_퀘스트 	이렇게 쉽게 강해지는 날이 또 있을지 어떻게 알아.	대사
2권_3화_퀘스트 	귀환석을 쓰고 나면 이 던전은 어떻게 되지?	대사
2권_3화_퀘스트 	사라지려나?	대사
2권_3화_퀘스트 	시스템이 만들어 낸 기간제 이벤트와 비슷한 개념이라면 그럴 수도 있을 거야.	대사
2권_3화_퀘스트 	결국 알 수 없는 무언가의 손바닥에서 놀아나고 있다는 건데... 부처 손 안 원숭이가 된 기분인 걸.	대사
2권_3화_퀘스트 	전진이냐, 후퇴냐...	대사
2권_3화_퀘스트 	레벨업을 할 때마다 조금씩... 마수와의 싸움이 쉬워진다.	대사
2권_3화_퀘스트 	강해지고 있다는 게 확실히 느껴진다.	내적설명
2권_3화_퀘스트 	일반적인 던전이랑 달리 몬스터들이 계속 리스폰되는 게... 살아 있는 생명체라는 느낌이 아니야.	대사
2권_3화_퀘스트 	말 그대로 패턴이 정해진 게임 속 몬스터와 싸우는 느낌이잖아.	대사
2권_3화_퀘스트 	패턴만 익히면, 어디서 나올지 정도는...!	대사
2권_3화_퀘스트 	위에서 원숭이가 떨어지고, 좌우에서 고양이 한 마리씩, 마수의 강함에 따라 표시되는 이름의 색깔도 달라지는구나.	내적설명
2권_3화_퀘스트 	하얀색이 상대적으로 약하고, 주황색은 대등하거나 강하고, 붉은색은 훨씬 강하다.	대사
2권_3화_퀘스트 	처음에 주황색이던 라이칸도 이젠 하얀색으로 보이니까... 나도 꽤 강해졌어	대사
2권_3화_퀘스트 	그래도 이 정도 수준으로는 저 아래에 있는 녀석을 이길 수 없을지도 몰라...	대사
2권_3화_퀘스트 	감각 스탯이 높아져서 그런지 확실히 알곘는 걸...	대사
2권_3화_퀘스트 	저 아래에 있는 괴물 놈이 얼마나 강한지...	대사
2권_3화_퀘스트 	소름 끼치는군.	대사
2권_3화_퀘스트 	여기서는 레벨이 더 오르는 것 같지도 않고 불필요한 싸움을 계속했다간 검이 버티질 못할 거야.	대사
2권_4화_보스전	계단이 평소보다 더 길게 느껴지는 건 단순한 착각일까?	대사
2권_4화_보스전	여기 정말 합정역 맞아?	대사
2권_4화_보스전	빠르다! 검이...?!	내적설명
2권_4화_보스전	아직도 이름이 주황색이라니... 레벨을 꽤 높였다고 생각했는데...	대사
2권_4화_보스전	네가 이곳의 주인이냐...	대사
2권_4화_보스전	검격이 통하지 않는 바늘이야.	내적설명
2권_4화_보스전	주먹질로는 어림도 없겠지.	내적설명
2권_4화_보스전	높은 속도와 체중을 실어 넣은 공격!	내적설명
2권_4화_보스전	동시에 이놈의 방어력을 무력화시켜야 해.	내적설명
2권_4화_보스전	근데- 이 두꺼운 비늘을 어떻게 뚫지?!	내적설명
2권_4화_보스전	크윽! 제대로 맞으면 죽겠어!!	대사
2권_4화_보스전	크악!!	대사
2권_4화_보스전	조금은 강해졌다고 생각했는데... 아직 부족한 건가....!	대사
2권_4화_보스전	얼마나 더 강해져야...	대사
2권_4화_보스전	무력했던 과거에서 벗어날 수 있는 거야!?	내적설명
2권_4화_보스전	약하니까 그런 별명까지 붙는 거야...	대사
2권_4화_보스전	약한 게 자랑도 아니고! 나도 내 자신이 한심하다고...!	대사
2권_4화_보스전	강한 힘. 압도적인 무력만에 머리를 조아리게 만들고, 굴복시킬 수 있어	내적설명
2권_4화_보스전	위선도 나를 보호해 주진 않아.	내적설명
2권_4화_보스전	어떤 지략을 내놓아도... 힘 앞에서는 무력해져.	내적설명
2권_4화_보스전	공포 앞에서는 두발 딛고 겨우 일어나도 금세 무릎이 꺾인다.	내적설명
2권_4화_보스전	무력하기 때문에 무시당하는 거야.	내적설명
2권_4화_보스전	지식이 많아도 지혜로워도 그로 인해 감사를 받는다 해도 힘 앞에선...	내적설명
2권_4화_보스전	쉽게 배신 당하는 거야!!	내적설명
2권_4화_보스전	강해져야 해.	내적설명
2권_4화_보스전	강해지려고 여기까지 왔잖아.	내적설명
2권_4화_보스전	내가... 내가 더 강해져야 한단 말이야...	대사
2권_4화_보스전	아직이야... 아직이라고! 그 녀석에 비하면 전혀 무섭지 않아!	내적설명
2권_4화_보스전	모든 스탯을 근력에 몰아넣었어! 지금 가진 힘이라면...!	대사
2권_4화_보스전	죽어! 죽어! 죽어!	대사
2권_4화_보스전	[아이템: 카사가의 독니]	시스템
2권_4화_보스전	하하하하... 나 그래도... 조금은... 강해진 거겠지?	대사
2권_4화_보스전	[아이템: 카사카의 독샘]	시스템
2권_4화_보스전	알림 [늪의 지배자 푸른 독니 카사카를 처치하셨습니다.]	시스템
2권_4화_보스전	레벨도 오르고 김상식 아저씨의 검보다 더 좋은 걸 얻었어	대사
2권_4화_보스전	뼈가 아니라 이빨로 만든 단검이구나.	대사
2권_4화_보스전	공격력이 두 배가 넘잖아?! 추가 옵션으로 마비랑 출혈도 있고.	대사
2권_4화_보스전	카사카의 독샘은 쓰기 좀 애매하지만, 일단은 넣어 두자.	대사
2권_4화_보스전	알림 [ 보스가 처치되었으므로 던전 내부가 원래의 모습으로 복구됩니다.]	시스템
2권_4화_보스전	끝난 건가...	대사
2권_4화_보스전	몇 시인데 사람이 아무도 없지?	대사
2권_4화_보스전	군인? 무슨 일인데요?	대사
2권_4화_보스전	이 근처에서 게이트가 열렸나 보네. 마수들이 넘어온 건가요?	대사
2권_4화_보스전	감각 스탯 때문인지 느껴진다. 놈이 보스다.	내적설명
2권_4화_보스전	극복해야지. 보스는 D급 정도.	대사
2권_4화_보스전	방금 전 싸웠던 보스에 비하면 한 수 아래야.	대사
2권_4화_보스전	놈의 방어만 무력화시킬 수 있다면, 할 수 있다!	대사
2권_4화_보스전	무식한 돌덩이를 꿰뚫을 강한 한 방이 필요햬!	대사
2권_4화_보스전	가라!	대사
2권_4화_보스전	설마 한 방에 쓰러질 줄이야.	내적설명
2권_4화_보스전	생각 이상으로 체력이 깎여 있었나?	내적설명
2권_4화_보스전	근육이 붙었다.	내적설명
2권_4화_보스전	겨우 며칠 운동했다고 체형이 달라질 리는 없고, 스테이터스가 육체에 영향을 미치는 게 분명하네.	대사
2권_4화_보스전	근력 수치가 자꾸 상승하니까, 최대 효율을 낼 수 있는 형태로 변해 가는 거곘지.	대사
2권_4화_보스전	너무 근력에만 투자했나...	대사
2권_4화_보스전	아무리 강한 데미지를 줄 수 있어도 맞히지 못하면 소용없어.	대사
2권_4화_보스전	반대도 마찬가지.	대사
2권_4화_보스전	일단 근력과 민첩은 상성이 좋으니까 민첩에도 투자하고... 체력이야 높을 수록 좋을 거고, 감각도 예상보다 훨씬 유용했어.	대사
2권_4화_보스전	문제는 지능인데... 마법과 관련된 스탯일 것 같긴 한데, 이게 피룡할까?	대사
2권_4화_보스전	협회에서 온 전화인가?	내적설명
2권_4화_보스전	헌터 성진우입니다.	대사
2권_4화_보스전	죄송합니다. 주인아저씨 사고가 나서 병원에 있었어요.	대사
2권_4화_보스전	각성 후 각성.	대사
2권_4화_보스전	만약 내가 재각성이 확실하다면 이런 집세 몇 푼 정돈 금방 벌 수 있겠지?	대사
2권_4화_보스전	이대로 계속 성장할 수 있다면 금방 상급 헌터가 될 거야.	대사
2권_4화_보스전	헌터는 마수를 잡아서 돈을 번다.	내적설명
2권_4화_보스전	경험이 많으면 많을수록 랭크가 높으면 높을수록 마수들에게서 나오는 마정석은 가치를 더해 간다.	내적설명
2권_4화_보스전	높은 등급의 마수를 처리하기 위해서는 그만큼 난이도가 높은 게이트에 들어가야만 하는데,	내적설명
2권_4화_보스전	하급 헌터들의 수가 많아 자주 출몰하는 D급이나 E급 게이트조차 경쟁을 벌여야만 한다.	내적설명
2권_4화_보스전	때문에 E급 헌터는 길드에서 받아 주지 않을 뿐더러, 일거리 하나 물어 오는 것조차 쉽지 않다.	내적설명
2권_4화_보스전	협회 공인 랭크 E등급에, C급 이상 게이트 경험도 없는 내겐 다소 가혹한 조건이지.	대사
2권_4화_보스전	원래대로라면 최약 병기라는 굴레에서 벗어날 수 없다.	내적설명
2권_4화_보스전	차라리 재심사를 받아서 등급을 확 올려버릴까?	대사
2권_4화_보스전	재각성은 분명 화제가 된다.	내적설명
2권_4화_보스전	대중은 가십을 좋아하고, 헌터는 좋은 안줏감이니까.	내적설명
2권_4화_보스전	대중의 이목을 받는 만큼 벌이도 괜찮을 거야.	대사
2권_4화_보스전	하지만... 그만큼 불필요한 눈길도 늘어난다.	내적설명
2권_4화_보스전	능력치를 올릴 수 있는 헌터가 있다?	내적설명
2권_4화_보스전	시간이 흐를수록 강해져?	내적설명
2권_4화_보스전	어떻게 그럴 수가 있지?	내적설명
2권_4화_보스전	확신이 들 때까진 세간에 정체를 밝힐 수 없지.	대사
2권_4화_보스전	돈부터 벌자.	대사
2권_4화_보스전	일단 공격대에 들어갈 수 있기라도 하면 좋겠는데...	대사
3권_7화_이상한레이드	먼저 던전을 탈출한 송치열 아저씨와 주희 씨는 감시과 직원에게 정황을 설명했고, 대형 사고가 일어난 것을 직감한 직원이 상부에 급히 보고하여 연락을 전달받은 상부 측 인원이 발 빠르게 찾아왔다.	내적설명
3권_7화_이상한레이드	아 그때 그 감시과의...	대사
3권_7화_이상한레이드	B급인 강태식을 쓰러뜨렸다고 우쭐할 때가 아니군.	내적설명
3권_7화_이상한레이드	그땐 뭘 몰랐는데...	내적설명
3권_7화_이상한레이드	이 사람, 강하다. 차원이 달라!	내적설명
3권_7화_이상한레이드	이 사람이 A급!	내적설명
3권_7화_이상한레이드	지금 수준에서는 감당할 수가 없겠는 걸.	내적설명
3권_7화_이상한레이드	네 협조하죠.	대사
3권_7화_이상한레이드	더는 재각성자인 걸 숨길 수 없겠어.	내적설명
3권_7화_이상한레이드	아쉽지만 진호와의 계약은 포기해야겠지.	내적설명
3권_7화_이상한레이드	그 녀석이 원하는 건 실력은 있지만 등급이 낮은 헌터니까.	내적설명
3권_7화_이상한레이드	아저씨. 왜 거짓말을 하신 겁니까?	대사
3권_7화_이상한레이드	무슨 말이죠?	대사
3권_7화_이상한레이드	S급 헌터인 황동수를 말하는 겁니까?	대사
3권_7화_이상한레이드	이런저런 일을 겪었잖아요.	대사
3권_7화_이상한레이드	변하는 방식은 제각각이죠.	대사
3권_7화_이상한레이드	설마... 가게 되면, 다시 한 번 식사하자고 얘기해 볼게요.	대사
3권_7화_이상한레이드	나에겐 더욱 강해져야 하는 이유가 생겼다.	내적설명
3권_7화_이상한레이드	S급 헌터 황동수.	내적설명
3권_7화_이상한레이드	더 빨리 강해져야 한다.	내적설명
3권_7화_이상한레이드	그래야만 살아남을 수 있어.	내적설명
3권_7화_이상한레이드	이봐, 유진호. 이건 무슨 상황이냐?	대사
3권_7화_이상한레이드	애가 있어도 되냐?	대사
3권_7화_이상한레이드	환자에, 알콜 중독자에... ??	내적설명
3권_7화_이상한레이드	너, 고등학생이지? 레이드 경험은?	대사
3권_7화_이상한레이드	등급은 E급인가?	대사
3권_7화_이상한레이드	뭐, 괜찮아. 어차피 던전 안에 들어가지 않고 밖에서 대기하면 되니까.	대사
3권_7화_이상한레이드	던전은 나와 진호만 들어간다.	대사
3권_7화_이상한레이드	그런데 말이야, 아까부터 궁금했던 건데...	대사
3권_7화_이상한레이드	너 꼴이 그게 뭐냐?	대사
3권_7화_이상한레이드	좋은 말로 할 때 벗고 와라.	대사
3권_7화_이상한레이드	뭐...냐?	대사
3권_7화_이상한레이드	하아~ 그래 그래. 어서 가자.	대사
3권_7화_이상한레이드	다음은 어디냐?	대사
3권_7화_이상한레이드	레벨도 오르고 재미있는 스킬도 많이 생겼는 걸?	내적설명
3권_7화_이상한레이드	강태식에게서 얻은 은신이 담긴 룬석!	내적설명
3권_7화_이상한레이드	꺼림칙하지만 다른 스킬들보다 효율이 월등히 좋아.	내적설명
3권_7화_이상한레이드	문제는 지속 시간인가?	내적설명
3권_7화_이상한레이드	지능 스탯을 찍을 생각은 없었는데 이참에 좀 찍어 둬야 하나.	내적설명
3권_7화_이상한레이드	[패시브] 상급 단검술: 단검 전용. 오랫동안 단검을 사용하여 이제 단검을 더 능숙하게 사용할 수 있게 되었습니다. 단검을 사용할 때 33%의 추가 데미지가 적용됩니다.	시스템
3권_7화_이상한레이드	[액티브] 급소 찌르기 필요 마나 70. 단검 전용. 효율적으로 공격하는 방법을 알게 됐습니다. 적의 급소를 찾아 치명적인 피해를 입힙니다.	시스템
3권_7화_이상한레이드	이건 할 만한데?	내적설명
3권_7화_이상한레이드	알림 [레벨이 올랐습니다!]	시스템
3권_7화_이상한레이드	알림 [플레이어]가 요구 레벨에 도달했습니다.	시스템
3권_7화_이상한레이드	요구 레벨?	내적설명
3권_7화_이상한레이드	퀘스트 안내 [전직 퀘스트]가 도착했습니다. 퀘스트를 수락하시겠습니까?	시스템
3권_7화_이상한레이드	전직?	대사
3권_7화_이상한레이드	내일 게이트 일정이 어떻게 되냐? 급한 용무가 생각났는데 일정 좀 비워 줘.	대사
3권_7화_이상한레이드	음... 일단 보류해 봐.	대사
3권_7화_이상한레이드	백호 길드?	대사
3권_7화_이상한레이드	도대체 백호 길드의 건물 가격이 얼마기에 그런 조건을 제시하시는 거죠?	대사
3권_7화_이상한레이드	그렇다면 그걸 넘기겠다는 말씀이십니까?	대사
3권_7화_이상한레이드	유진 쪽에서 제시한 액수는 3백억짜리 건물입니다.	대사
3권_7화_이상한레이드	두 배 조건이라면 5백억짜리 백호 길드 건물을 주시겠다는 말로 들리는 데요?	대사
3권_7화_이상한레이드	괜한 허세라고 생각하신다면 확인시켜 드릴 수도 있고요.	대사
3권_7화_이상한레이드	두 배라기에 진호와 거래한 조건까지 귀에 들어간 줄 알았는데 그렇진 않나 보네.	내적설명
3권_7화_이상한레이드	그럼 이야기는 여기까지네요.	대사
3권_7화_이상한레이드	아 참. 제 정보는 어떻게 아신 겁니까?	대사
3권_7화_이상한레이드	뒷조사를 하신 거죠?	대사
3권_7화_이상한레이드	저에 대해 아는 사람이 몇이나 됩니까?	대사
3권_7화_이상한레이드	진호와 C급 게이트를 너무 많이 돈 탓에 눈에 띄었군.	내적설명
3권_7화_이상한레이드	저에 대해 아는 사람이 이 이상 늘어나는 걸 원하지 않습니다.	대사
3권_7화_이상한레이드	어디선가 저에 대한 이야기가 들려온다면 안상민 과장님이나 부하 직원의 책임이라고 봐도 되겠습니까?	대사
3권_7화_이상한레이드	감사합니다.	대사
3권_7화_이상한레이드	그렇다면 거래를 하나 할까요?	대사
3권_7화_이상한레이드	저희가 예약해 둔 C급 게이트 공략 허가권 세 개를 팔겠습니다.	대사
3권_7화_이상한레이드	물론 오늘만 특별히 양보해 드리는 겁니다.	대사
3권_7화_이상한레이드	이 기회를 놓치시면 한동안 C급 게이트는 예약하기 힘드실 겁니다.	대사
3권_7화_이상한레이드	하나당 3억으로 하죠.	대사
3권_7화_이상한레이드	좋습니다.	대사
3권_7화_이상한레이드	C급 게이트 3개, 총 6억. 게좌로 넣어 주세요.	대사
3권_7화_이상한레이드	아, 그리고 이건 선물입니다.	대사
3권_7화_이상한레이드	입을 벌려 보시겠어요?	대사
3권_7화_이상한레이드	적어도 제 비밀을 지켜 준다면 말이죠.	대사
3권_7화_이상한레이드	영업 비밀이다.	대사
